x1,x2,x3,x4,x5,x6,x7,x8,x9,x10,y
-3.3043353820635013,-2.286998373210251,4.285791093349957,2.0319931466704046,-0.4563973813169362,4.193171861766885,-15.478452245066153,2.8372752870074587,1.7289420705101164,-2.7348837073369507,-4.088926386046722
4.9789619736389366,4.134524126936576,-2.541536921066254,0.1876594064886543,4.237002527066176,13.845983277178735,-16.717157112146207,2.4885270371579225,1.899667135865288,-2.4657602734776884,0.6834252178322748
1.8687735837029305,4.600971788012842,-3.2432037590785034,-0.9504179665058308,-3.674078987321784,4.851302637696751,-24.854660032812205,8.141443104548367,2.3874929165441716,-4.0379070570099636,-15.558535579868426
2.6451436637946077,-2.3230883064732932,3.2550249686716306,-1.8265343548008528,-1.5177105664669432,-1.495066969872474,-6.338540573752354,5.209392482686426,3.7401450632438733,5.363022214211,-7.8733667158883875
-2.2765006182719425,1.271685978556115,-0.44886402286526206,2.612584263756461,0.7921964121989733,-3.639402325562692,-6.855423558329835,6.941765979090247,-2.549527123838738,-4.224036276477916,3.41965747274611
1.6830789728172295,1.6112944903540418,-4.090380226583896,-4.709530644501633,4.913549607151369,1.7359567566699499,-11.843648694616265,26.23813746657806,-14.766083693697103,23.94061163270232,28.3824161388321
2.609097994345589,-0.40108010288408913,-4.4274080336411945,-4.497955979241366,-3.6190579168337833,-4.703088811946011,1.8568625095420515,29.95636659582136,10.654153050093472,-17.5987829718368,22.76124228447044
4.70551645348991,-0.8393613309709602,-2.776230742838436,-4.888580971037597,4.532879315094467,-6.571092597984336,9.531788910099538,26.321258034735866,-31.864793964050065,10.566206677189687,11.00406315254258
-3.425789882470168,2.294171647541222,-1.775820046514803,-4.81959130441497,1.4562577090931779,-2.738713443372385,0.2603600413993039,28.159348641434185,4.607128978692964,5.925055974531464,25.950254018635384
-2.5001540345494675,-3.0682689345020875,2.6269444127441695,4.034069331406808,0.35711395913273414,7.4519111642797595,-11.804150369503077,18.758470083588048,-3.257507665825475,-0.783868002821621,12.937647599557083
2.5273573402889413,-1.8370631291770878,3.007897694797336,-0.5606964605134044,4.359255781469432,-3.5339340366350123,-14.008334601967638,1.537434310103516,-1.5628709649654442,-1.371018986252519,-15.20279878017385
0.7739967692686243,1.73224334663686,-1.7443328877482225,-4.422764248169974,-3.9815337022063,4.137113528522045,-4.853455100303842,19.64604434714448,5.491770918076644,-6.375928490888651,17.072898110516537
3.8926044954560783,-4.897463451054479,4.680380008869294,4.548939124592856,-1.2389548344874424,-18.78072566240234,-34.27393889825947,30.04503171114588,-5.477714694684398,-8.165663434914295,-37.55712852357105
-3.8315861844051504,-2.5171056963501224,-3.8164570101562356,-3.084701973647903,-2.120883544583463,5.224945468020408,13.398454655150376,6.4530464560474305,-5.823855025745928,-5.855074146151778,19.932891072291554
1.8469001158976166,-3.5264801019071434,-0.13132450866463152,2.906939342054037,-3.1398433556911796,-5.555663643835671,-4.233646609972782,8.788650312545057,-5.2247820374372385,-1.3409715894056173,0.879166963964952
-1.5478570575752193,-3.984410528001953,4.386197973044435,3.9963633496370736,4.938348461598011,3.8218803421530065,-28.27491587541579,13.403475473340194,-8.707986432458076,18.953372036530265,7.78961972722848
4.953547081007104,2.4003091047831404,2.7492449884656525,-3.7041747406079217,-1.844948261525822,10.241677550402496,9.527631298847133,15.446769002498534,10.302263664951226,6.4511630249666165,50.46659322654867
1.915855264338072,-1.762466678136935,0.4334145466367465,1.8150363738878719,1.0445042856862594,-1.0358732294733155,-7.101083300593764,6.107552948018688,-2.5182957670090325,0.7264312811814511,1.5070638994813075
1.366415415527297,1.4354444741140355,4.828133636021661,3.453314601280418,-0.7130598196167135,4.296202348152215,8.70058467437439,15.030134511798913,-0.36630167102069744,-4.486789985684179,22.577634764640724
2.779892634999671,-3.5579430271038337,-0.7779241404394028,2.904274544718323,-2.1048929428385152,-7.561386534446276,8.519320186039181,11.980427762459055,-2.7778483057837158,-1.2687174212679388,2.5386508393150113
-2.704350374457248,-1.0503126145645325,-1.4181040766902364,-4.565791299675248,4.365963507136714,5.040642056746436,0.7589237706120262,27.626503257236205,16.35539381880488,8.016378720547335,52.68031073963338
-1.2813902942328337,3.002262447651365,-3.058718088056663,-1.2951862709170356,0.3915750250117913,-2.111289707465419,-12.710306563869095,0.18107337298984327,-0.1919742925940269,-0.2276845967791684,-14.349255863547544
-2.360808402117891,4.41778347597546,-3.498984483765958,4.112439021884205,1.2521656960457186,-10.545448500125095,-21.858432980592294,17.00699402327235,-3.8208760306643135,-4.348319615847771,-19.14468967416361
-3.6285412392428196,-3.56699051203066,3.838380542557365,4.26646842576163,1.8019798787649162,9.213387667577063,-21.685607953826572,20.56959178829706,-10.351453230423322,10.070751451212253,9.137688563897392
1.5208894654251859,4.726798782752747,-4.117462297145675,-3.2443656412850554,-1.4882767890553072,5.931931845772085,-33.026334460610265,11.769725579851444,4.732576972321494,-3.6916651758794075,-13.712453708273962
1.0767790409717737,4.863028802751902,0.3351303141326065,-0.9982860358198398,0.11372905275649625,8.315810628896974,1.0301527697516983,0.5063368471521636,-1.7285426025142188,-2.578146081107136,7.658492232844203
2.1467628889700796,3.637909624432023,-4.994369759305535,-3.8415471151625766,-2.611751892601195,5.836012493188417,-25.294133018929458,21.2255795630598,3.1766718847264843,-10.43033301347594,-8.74261986172961
4.151830364258995,4.610272212641117,-0.6882391573480753,0.01456507010015784,4.535738807434646,14.785879816935863,-5.123479736309695,4.714148098597311,3.923437885013189,-3.6079917051136188,9.990533351998078
-3.7113731971493014,3.7159529851615396,-0.010052768669597256,-2.7442842195400097,-1.5186554333325564,-11.165420352594465,-2.2067372298529278,11.638554946093572,-4.238584495091239,-0.8403577050738995,-6.443349938397656
-0.851747653501417,-3.7866863995116873,-2.0847089987064074,2.836113348426979,2.33346082124908,6.068894145769418,9.76553599561678,7.840599213314103,-1.2143632653326386,-5.148847586511314,19.2142030728697
4.433579879646249,-4.055897866497898,1.5070210631805594,-2.609367623664994,1.842821131624996,-14.17767828721243,-10.239080079840171,5.24646230827444,-7.326368791480925,1.522567762518846,-23.24214092775007
3.4313215567450506,3.5134240499212517,-4.614848134165453,-0.6357500975203401,3.743198053915176,6.727236762741201,-25.688625858922897,-1.1401242947576078,-5.759051153851286,0.7615522199731162,-14.882723238572947
-0.22489727010575145,0.6137151599550359,-0.42698136169393663,-0.3927513480427445,4.679680649911809,0.6559851387311997,-6.693332500680454,-0.9735902913055634,-0.36961271281787766,-3.586653198299703,-0.010845740817461758
4.755412774983647,-4.521730049602826,2.9512175908712326,3.413844512280722,3.024284138554103,-20.44248657423944,-21.429529367637684,12.048292979915932,13.617414430160583,7.783633969573817,-0.6276016087832028
0.5833861360188379,3.191123665599857,1.9566969061487978,-3.3437458363297647,-3.5910496731725483,0.6226212869618278,5.659298424769212,12.777244678197903,6.858297556532425,5.77679734782713,31.91666129817203
4.7939537310787035,-2.0666045466707894,1.783271662184581,-4.092083297062411,-1.5878536874660054,-12.02833779547741,-15.931166787521889,25.866017556071274,6.270812288519063,2.364643845784497,19.185256329276978
-4.615035931815582,0.7639941632291078,0.14280696843323337,-3.9542145569758302,3.015505156012324,-5.283577335630252,-10.325739421055204,16.57045104639755,16.180840542213442,2.604542289483382,32.88138901863753
1.7519882990081364,-2.4610742187891352,2.853045374416622,-1.6060712677449196,-1.992972631977219,-1.7475035963767003,-12.197954040505609,1.653408764165374,1.8292183088504461,1.2181898332741767,-7.058632741001904
2.0969415695340192,3.65503562722923,3.0697188745110324,0.43027712840757815,3.090726398798747,4.120431466147122,17.561372147779355,4.8469159211684385,0.1544996637702808,1.2325081300158707,24.981465737224305
2.2723107030955667,4.586921545613539,-0.996548240411598,2.273372675497929,-0.1455557376824359,8.589878054680907,-11.082221793103187,-1.6027221602079251,-0.6929869337371517,0.046968656761429264,7.12220651089481
-3.8157708817475324,3.739873812041184,-0.15997429488639803,3.671480013387038,-1.049670670554005,-12.031376453147539,3.205966424983478,17.43431413104596,6.00445121787147,-2.6398637488062935,8.978510501674045
-4.315246244839401,2.366557265792549,3.2957863889703027,2.7420593054096907,-0.43641625607145595,-7.408243451947109,17.10344768810495,4.224533472850897,6.999048439520077,-2.7836983409886003,13.708417240327377
3.0389057446088543,-1.3798730173072125,4.769493735549485,0.16386739942199657,3.400694317109041,1.007508514843595,-20.829650404021745,1.6632539823092465,3.6136377970891953,0.9774405556191392,-12.063906731289567
3.4050212960700286,4.568113358085839,-1.9004795415889597,-1.9393188734394542,-2.972131949246497,10.527150962169042,-14.677620768656856,9.499398198613576,7.708062274391957,-2.993882496109942,6.858760890441838
-1.855181226944107,1.7632535496828794,4.880449553119794,1.111816041033884,1.9081764771117253,-0.12980130622028652,9.271500156710843,0.12408351242091031,0.2123885876689755,4.885352010139478,13.206212785620673
-3.4113581941000772,-4.992535922223462,2.8230489010051487,-2.1570797399632924,-4.501184596059005,14.067994448815138,-18.87025057165627,6.9074740947655044,-10.65152984664943,7.530070414042935,-6.689003628575465
-4.813185073765003,-2.892475472112311,-0.6676784958129547,-0.5148816822584825,-0.08104750061115862,11.852555716473795,-6.296121866599048,3.548610256104797,1.140793879059279,1.2491853315688797,13.904896470676201
2.9082400820513143,3.8154242217106464,-0.7673747024141253,-0.9956535153895931,0.5533499106110682,11.265994848550223,2.70234484896233,3.254316712446594,1.9577714666511883,0.34175509918868274,4.883827441000911
-2.054359856085586,4.9712897627352,0.9864681142862359,3.406159003099404,-0.9309297461600963,-5.508659050602338,4.098149934609082,15.117122719224104,3.693057543083213,1.1095356414329747,14.812494003129638
4.695701074029742,2.8292862430440167,-4.372912911767388,0.9785147099158022,-1.3583451274271963,10.24024779890165,-21.739062763647834,-2.1010576848440183,-1.3732663138022396,2.506692842193693,-8.024953119131496
2.4074837989667834,2.0822124068208456,4.836491559250645,-3.1702947162069837,2.9623473977369166,2.652069791250966,14.202672981656036,11.614751477268182,-4.271623574218153,-7.202686340209578,13.772035719312028
2.4321157019956754,3.052324422373472,1.1814880355251125,-2.2812091426684775,-2.8773031559241193,4.119453694039842,-4.426920606862795,10.846929652159346,7.291335013411151,3.8312181750742305,24.17483356261898
4.56476552819985,2.312103464053034,2.060169134484772,4.9852201951796715,2.1910960265298494,8.979780726655154,4.287329185545447,23.140002422736487,17.53952641252361,3.36307761920596,65.82271254530414
-2.7944136890715243,2.8086239721600847,0.5424230597278541,2.355005232427172,-1.9791312052390095,-1.3149356993886672,8.566830946086686,6.522842141921341,3.870882379908358,-4.99799734973129,6.3836922331868795
0.44113679956413687,-2.035019140251811,-1.9790724447627794,2.1109907460134814,2.3454977798722974,-1.1492693017114843,8.550601554579515,2.3702195054975927,3.8131909099789785,-3.646100554214402,9.201345769004885
3.128862311869849,2.2804928653114844,-4.680817162950278,-0.8508948432289252,-4.897096825238346,4.733800860914977,-14.107622172012826,2.27066751279514,3.2376883133917924,-0.41202850635472377,-10.306664463930655
0.8329296572101459,-3.1960295894358417,-0.4900708118662136,-3.4038432852908382,2.680948823826429,-0.42107709816289507,-0.11650795953895399,9.562842966415472,-1.4818458916632449,0.36665806426643077,12.906642831846085
0.7587462781848835,-2.483408681243774,-1.4722168773270927,0.6146672776109892,3.5693573862904646,-3.5050952223544236,10.000951013981389,6.042053127082308,1.6032799320272693,-1.722703937154492,4.3329292621328275
-3.852335388836078,4.729480181292502,1.1103037912113622,-2.531619838106458,-3.72564232245564,-11.259309585906776,8.46857560922385,6.2049302739328285,-9.474856535932819,2.1160967070494574,-7.2115544907517
-0.6229487608586037,-4.150351822075125,2.092539318047896,-4.968447665846733,0.702508075505123,2.506224030714942,-13.556921388644037,28.66553824146704,-3.2664736869713416,-5.236316771827742,17.406690132376507
2.6224170728367024,-2.667383907537808,-1.656932417409911,3.133071057204882,3.7809185994798007,-6.812859197117506,9.857877299534621,8.3863138888549,16.84636012194963,-7.336012686670652,18.226825645923363
2.201012291311665,2.6059503901071217,-1.7750335039509348,-4.213781805071236,0.4641942833018655,1.6943107437817693,-10.636847667607602,19.688783955694255,-4.038928472920922,-1.4988276885613896,18.156615444506457
4.400183671359194,1.610817488127477,-1.31421125917932,0.3269194029618303,-1.5739983258779464,8.337508751611537,-11.172876980610546,0.15432924043916066,-0.8632619127713632,-3.6317303504930014,1.8217931492667778
3.4897045751096876,-0.9006295251213334,0.49772029959242925,4.1411060866997325,4.276132781262895,-1.8633034593810778,-2.7563678080315235,21.814106639601746,20.97689816259517,4.275892509431918,38.66079936858531
-0.5278855191564062,2.03214209302038,3.544291150584584,-3.051625694550534,-2.596229256843976,0.7964499356206821,9.341411609233695,17.270954513821227,1.0076220413390253,1.4083630980468502,26.458687989877582
-4.0598026133979666,-1.08335450581564,-1.027413873673051,-4.727195884531913,0.9310506328462553,8.016500198811602,0.6854007895891685,25.724751903015402,6.443350296574674,1.9003584416938493,38.473311754177104
-4.353689574975995,1.4759324014590112,-2.285423512354685,4.418371944621045,4.40597857352931,-3.2819098144437726,-5.472841613316373,18.79510837250754,-25.26926178230261,-14.140174486742506,-23.155340544117326
-3.704488475147981,3.1793142559282614,2.045283672930676,2.404540560282226,-0.34045086125149204,-6.73890299915486,11.68356888226734,1.5734709753999478,-1.4351434730256143,0.358638318268997,8.308285462514462
-4.051941336140333,0.8026876343581275,3.6323632175212293,0.777403319812163,-1.6400667629186048,-2.2639392619752696,7.196196203786064,2.6389402237291857,-1.5446147489835356,0.38775536515848974,3.1889749562888836
1.6671229582315963,-4.207503308316686,-2.8679130918120563,-2.115295408060155,-0.08501144272698635,-8.333714926875148,24.224665298669205,6.329684518147211,3.887873826963366,2.58239013805944,18.28404682533036
-4.053008371130355,-4.403423054962342,-1.3660561074060995,1.3580840304458777,0.009906848467380769,15.08860679540483,15.461626280732874,6.328686717725336,1.3553351414063746,2.0622096699512626,25.077704945840242
-2.62424177418908,2.403727946396338,0.18796067608178468,-4.302823038614831,-3.7238721901967766,-6.458808372750422,0.6721177434542723,22.484091225347377,-18.508228347635317,2.0984474986184143,5.704371168728272
3.463272529120493,0.6507185306333447,2.8324748414937053,-2.4355543415293726,3.2832214186635724,0.15208734254806355,-2.991762678933175,4.7824757143667025,-6.516396319421018,-7.579782697665559,-2.1393973567824105
4.555030487027411,-3.3255075341019635,-1.344382742812348,1.4812719646488617,-2.822445485935825,-11.539710296374976,4.859467456850767,-1.730363827552614,-5.948590561373416,2.349199082482812,-6.846060998523258
-3.2833445363306115,-3.416027879061476,0.297909960358278,-0.5197740347889654,2.185778164733704,10.261513806370777,-3.484712491869929,-1.3726118496101178,1.1571963609810685,-0.006010645862050343,8.492188691934532
-1.2641571057809706,1.3682767724426697,1.4878510951301127,-1.1853492119449385,4.770544080357151,-2.711455985277929,2.8726865107373474,0.9488935488878859,-2.100176441277482,-1.4299974265758988,3.7295305455653667
-1.1741221761127143,-3.0862354495577913,-2.8424439885638964,-1.6772729692076904,-0.4235091659778112,5.026433036883519,12.671837067524285,5.453482682917474,3.0328593917152675,0.4017024320426982,18.77726321574777
1.7045464374982986,2.104519305402418,3.7119713059680883,-2.5504386960068617,0.11724303722131779,6.2460056210079085,9.44494003243379,6.57483468101492,-0.953937464044312,-0.2531280827746253,22.028683500174814
-1.7339497882419899,-2.5979535120291186,2.212499633382407,0.9862053157813016,4.33857551959907,2.0829477119005446,-8.326663837391877,0.3523356295354674,-4.463854846516224,1.535826180632263,-4.223743425333158
-0.3202131376163848,-2.9105054444024017,-1.4905546436791561,0.9249284351687468,-2.4145306197174055,-1.5269808976234907,9.786369633610079,3.045422132749036,-1.2312829471042135,-1.7546519694558993,9.325697383721664
-2.9586207625737515,-0.2640354038968864,-0.7917486132329179,1.4194368379359412,-0.31809596081919,4.123033822404741,4.795069330399704,6.535456095057574,0.6173178240509053,-2.9776274964935707,3.83336701307982
2.803986138021574,4.813232811102463,1.7730557519418788,-4.301798996914746,3.297597039917889,8.702721142236348,12.465929048619437,23.44203977209969,-9.120068669910502,-5.156474030810895,27.45499338961743
-1.296948057602335,-4.260616085298987,-3.9790254979241357,0.7114489575331016,-4.503098441722505,6.889439795592966,24.26953815129844,-3.452024354081534,-0.6813319235673658,0.43420664795229946,34.85100939116907
-2.2988604366742416,2.556923764236502,-1.4882959248623484,4.366854709275582,-3.6397677638408643,-5.025239205970691,-2.6125272413044507,17.81554613813512,7.953313309775963,4.784933994007872,29.34074475244721
-0.18204989643391034,4.923727265132612,4.195402466106193,-3.486794052244264,2.886670841282876,-2.6106692969827034,30.730385852301673,8.939081964739056,-0.7068056589725598,-10.72011271265873,36.15341569015956
-4.379359124249391,0.32682317029727237,4.706831327008485,1.8744983375445576,-4.378055992967007,-6.644994249031071,0.2554508919848524,1.501988811049209,10.13512235412999,-6.785868107665506,7.70970695971778
-1.8378750372660035,4.790561951994807,0.37965940184516356,-3.864374844348164,4.960943077951461,-8.618057754157158,3.311158778569105,14.795556387061028,10.94770249652223,-0.33921812058096124,23.15362917974784
-4.180852705886552,-4.323399840550967,-0.8383037682100305,-2.7939835471676853,4.489940370234436,14.662625166351052,-2.637882694472837,7.426582683480346,12.735477652906686,2.8278575086772624,47.472374487844924
-1.3280928782296475,1.4575957534843447,4.399928760357758,-4.13224379742899,-4.116337936087416,-3.388972483718435,8.913796839871772,18.96525917275445,-8.529603144734953,17.532775699637657,38.95868756734473
-4.837907600683302,1.2896118551696318,-2.4590590213136188,-4.690245290886384,0.7922394259679235,0.408255924461824,-5.4422141042616525,24.466240635596858,2.36985923338874,5.754588810831975,24.44812705676154
-2.7743591747347573,3.014888582956093,-2.9602971982891315,-0.4698479298203413,1.0204322687587961,-4.347133481426209,-11.318423850347806,0.6712848697618716,-6.038561637077743,2.453413348258864,-19.00282484528559
3.217597667799316,-3.085736616249266,1.749104884531242,-2.1502348280255443,-1.5994321229256716,-8.068634713405187,-5.711851997845876,7.428009168733616,5.73338411458028,3.761366045038649,-5.486761958958901
2.5798468564525727,4.248492290709233,4.3455429505301115,-2.1214825526086676,4.590552127142862,11.609079627900464,27.105009943969343,11.268512373146105,-9.357292025068398,-11.433437583968463,24.3803552645241
-3.3058859010369233,0.16133754427304492,0.9061349112352621,-0.9311404587239398,0.4535116273218893,-0.13282469928246426,4.971917154504393,-1.7547879600745457,1.02995045916372,-1.4298452222130638,1.1967090076681794
-2.6045961953253505,2.514664202565905,4.439237568571837,-2.655293808802347,-1.8939873717358235,-4.725729375629645,4.08533014874452,10.615258271765876,-7.76477322479546,3.9717264150792135,21.45970983097066
4.805327215498561,-1.0658194142479127,3.806065399107739,1.4405197158807157,1.3466723505982747,-3.5718685537164205,-5.58047890044278,2.7548038127811254,2.006083461890655,0.2066123759291263,-3.031550442228051
-1.5155561447953714,-3.2578998295603876,-2.2069330590698333,-2.0954178553050316,-1.6294464707331082,2.1000862898706663,16.156755043504926,12.501314368037434,-0.11216576141192891,-0.619763277262962,16.662314447208093
1.404045368485507,0.7545070875776343,0.3813429711903016,-0.30225060649248103,-1.1014765510166438,1.7727285679811673,3.5195461553861014,2.653680086294289,-1.376478180072234,1.2579951379294227,1.536784723484365
-2.6744697361324232,1.273871306313687,-0.7983118074747999,1.3253388045784504,-2.707435511987776,-4.419759524607779,7.996382855432585,-0.6990082089638157,9.07839686198082,-1.371005011164635,1.5725633501773932
3.1099001859786295,-2.3700877473035007,-3.5838479988348624,-3.9098730222249634,-1.7276241561672014,-7.0196947638431855,20.62363817932179,21.320806298224927,4.492266281187652,-2.101593076893096,26.524205356236223
