x1,x2,y
-0.31225950772274835,-0.8144589418151416,-4.715076213439499
3.6685845333632816,-2.4898372098796817,-1.8854958350634219
-4.449182024639353,3.109866446275877,0.6615979417749207
4.390395315704268,0.07064422211079968,-2.1853072028165856
2.9974488089749087,4.125517032818081,2.5574860257724152
2.3370751942026313,0.321851481584174,0.545489430916503
0.08087049575348182,3.812371608266952,1.7341483882037008
3.8157524405603187,-3.947592172568072,-3.0362474660492715
-1.0499986779137513,-3.7971829785415667,0.030935504135935356
0.7774733739193529,4.161356534665458,1.3462828613384408
-1.3936798087117874,4.142464234067042,2.7471770251825913
1.5834339203045333,-1.7075497088654856,-3.5529288000476047
-4.064599947007031,4.009621104317333,1.3697151068156166
4.639289569551936,-3.421449075797937,-2.0535077259272
1.0783354770676201,3.3081995150062795,1.130928786075701
-2.704020830365778,-0.8552509551481835,2.3284084781528387
-0.03142672433393834,4.166741153056384,1.5208954358691003
0.24803641569027413,1.2316886755207967,7.0733936501469765
-4.738247349028137,1.8070230170850383,1.310633742794017
-1.0357066012302942,-3.9017673165128244,-0.05239377985654651
2.192903962737577,-4.090413857634731,-4.015100766945338
3.892967891946574,-3.690145903759676,-2.7690050618178907
-1.943308047167882,3.060783597255032,3.8942720029936337
2.8847866785769067,3.1142956209361543,1.4140582979908647
-2.004730720892536,-2.5135171221992714,1.6742663738565406
-4.703848316882432,3.7758060713239487,0.7235471666189409
3.7221980686514335,0.02241829422152186,-2.018831313497818
-2.2374565242677766,1.5332988279768243,1.3176508789226453
0.05322154233242138,4.135288761178833,1.4893728471317214
-2.1525114539649737,0.27888332075758804,-0.2903236146474554
-3.7974816931619557,1.6123007449891649,0.8591348902906315
-0.6072660809513684,0.19986435528493907,0.1689622956444423
-0.41394534427483,-4.809331539375526,-0.8495067787753657
-4.851793119704512,-2.302021732784003,0.41138199980623374
-0.7822102941600226,1.666118265985883,6.00278487408871
1.8891845992808758,-1.134827418005199,-0.8937401077515604
0.05198913549716888,-4.817097190217825,-1.0154423787257358
-0.1014062862729137,0.739069391944323,5.618692927524939
-1.2963664465098002,-3.7139744155482015,0.20590599698591525
1.6071234503703433,-4.008891047492725,-3.7452141221789277
-1.2327135875908946,4.43411523735857,2.180822841830549
1.2411607776484708,2.24138868439238,1.7361014162725863
4.38545699335107,3.446335619409961,2.019110974829124
1.765522670613624,-1.0760063339236527,-0.8621600859790376
3.460534530303832,-0.8132501347172569,-1.3438796292118933
4.714638437637696,-4.676818596348173,-2.685907082744886
1.90589357701427,0.657264362717191,1.8160650364803774
-0.7470130643056354,-1.3811533802677998,-3.741982155239851
-4.307412840035822,1.560078359233109,1.2622680361806629
1.3201537040695683,0.5199130824528311,4.2034863572111405
0.7024054888538913,1.6337830966343514,5.179702508372541
-2.9786640579854753,-2.237108129495903,1.9490339305911841
-4.229064209781621,3.1817146161726004,0.7804182825933349
-2.35793976699577,3.628524838935652,3.2537816323311715
-1.3681076984677274,-1.0333204334730048,-1.6845669993636323
-1.2901191848997184,4.489725461940303,2.1481742459397815
4.918434875794466,-0.2225811402125153,-2.2009258160244682
1.6004313989394223,-4.169986165323479,-3.5014857568205264
-0.9082309925189413,0.8270881700784907,2.8297892749727844
-4.029626407258808,-3.272763997146839,-0.08553797667357513
1.385824132093095,-4.386568991048355,-2.91426093720198
0.5437264709473286,1.4928435295443503,6.083891223477979
-4.698169382991114,-0.7576311465743233,2.102570500907266
1.180048578839708,-0.055373244694125745,3.1483132187287137
-2.9324293154472802,-1.654891240677828,2.650171133396001
2.3786757591942465,-3.73465569109509,-4.233085986868969
-2.271239474757949,0.10967902527693063,0.006675959020961955
-3.748740187115973,0.10944921014445086,2.4543201820086415
4.5261517596132546,-4.799019017770409,-2.881220736127473
3.1740445343284325,-1.7259512339901315,-1.3317651547635359
0.4925452285846639,-0.26153244059017844,0.7673920285915259
0.7950534511271821,2.671495028685559,2.184894563810376
2.6863729180998916,-1.5252008358062161,-1.1815015140009497
4.040186103150546,3.772675118551332,2.244853441144403
2.340924131685046,-3.1784500394264095,-4.256087147748933
1.8453628374629227,-1.1255707953461158,-0.9238004403727563
-0.27682960516974386,-0.9882093417316229,-5.11363112335071
-3.8227625608342675,0.02777227366265045,2.5757987743493804
1.213751605218687,-2.5542076751110243,-5.3092151943569705
1.8071153516987524,4.299751569499589,2.0898234096157298
-0.0028378489277622876,0.6879222017540219,5.666969243253069
-0.973338593301313,2.0714909892845546,5.728034246955484
-2.355765710347686,-0.09527596138267125,0.4176394079330455
4.408933648747288,-4.4696315709214165,-2.814691378856711
-1.1203890145736528,-3.4379504176542754,0.29358933561678713
-0.7187933803657813,-3.351369151743607,-0.2783718474226867
-0.24158287889245234,1.2576959292364078,6.82246158686711
-3.5311674532127113,-4.860480244171448,-0.4517958096662776
3.699196885818443,3.629217161203682,2.2997822895376765
-2.0777666503947234,0.5523673548138408,-0.23686901895874057
3.2615071381834007,2.8872458033309956,1.3255008357628673
-1.406456945009038,1.4356660115003503,3.3475073247441207
4.898900039489897,-2.676838799355293,-1.9233715516212495
4.5173291808021325,0.09212040632333718,-2.134611427978706
-4.180182296070846,-1.3783896959575115,2.0051627375446155
1.8153883161997788,-2.8021615423899937,-4.753503658408426
4.888920776987357,1.5770903183606961,0.26974654398546244
-4.153503886109454,-2.140885906896063,1.0011722482335903
-3.8209094375673702,-3.050597818277072,0.12367552412297103
0.28577608611220917,-1.3408753711300747,-5.609942902337001
-1.0459913127086762,-1.3512441019963992,-2.5063344645750365
1.4895105705605811,1.222866431040492,2.7773308774015564
3.159217228263012,0.35835435859258524,-1.459255854139869
-2.971982028134126,-4.667649153187368,-0.8473437280848664
4.906287007081113,-0.6255905210561377,-2.400732082031872
0.12815775386826456,0.008256139759723169,1.5715946537817993
3.2564096343749878,-1.7750012069374943,-1.3746132256784678
1.821703821053723,-1.4452012267926695,-2.102611099410583
-1.0383635506770048,0.01813555203405759,-1.72072802026852
-4.7263764829023405,4.487637933347903,1.0029933043933903
-2.342006977117915,0.23966337402555205,0.06949081007991743
0.5018173616928205,2.811017443359999,2.623543406536163
3.4428585034928165,4.472756494485097,2.5322005468014837
3.659051469610038,3.3247383024379094,2.077803470971846
-1.4618026992812871,-2.488537157390388,0.9022294369348803
2.3736588694633447,-3.3179125366274254,-4.264890436612521
-2.6961947816063923,-2.90870769178053,1.051737320337868
-3.3010807116594565,-4.052158086063862,-0.565167613529512
-0.2655121795978115,1.6248731840968826,6.915965722341033
-4.4675143118957115,-0.712307371383833,2.3763789550084695
0.2932521480904384,3.209974289582245,2.2793066485885904
1.2138760478419277,-1.8360343436751938,-4.828949044013086
-1.1799708986870252,-4.403094199914241,-0.5073527275607778
-4.1817981673680205,-2.6489669455443963,0.375847322952604
2.2104815622736496,3.3346087175616166,1.2540310877530374
2.0163912544047182,-4.964610551804167,-2.891641045458941
0.3581884646392446,-4.496328290126513,-1.3423639147631499
-3.8540338445694653,-1.4504706754265486,2.266800767322356
1.5906986928725333,-4.015971361413312,-3.7180598865542858
3.211571476487011,4.166283602594294,2.576930566783733
4.47334523509153,-0.8920722892308692,-2.3012501984262888
-2.4344171441004914,2.7586472402332918,2.8630370606770263
2.5429968670209195,0.2223804020456832,-0.005045777503530371
-4.159377349399811,-1.7051163645438052,1.5965813169366987
0.8256105276405377,3.686238422024209,1.24669621992228
2.55804015879583,-0.16548112921269187,0.14045361275954132
-3.280814530360815,-1.1679370423066993,2.873704660677654
-4.874849488654977,-1.3899207192425491,1.2459281704631604
-4.044009913076425,-2.938254538435432,0.15573040874831148
-2.0619676900136454,0.914409033016705,0.30238320709470284
3.211654328127656,0.4997870326332041,-1.5719197476594933
0.7155565366996903,-1.736028777868376,-5.628932870466584
4.400595333814515,3.54757552978956,2.028150079758005
1.496769994203869,2.792795153393147,0.7956321415748483
-4.17682533909119,-0.7590227017542519,2.605999275664414
-1.6462122492782427,-4.143289839719957,-0.31240141801277554
0.25091511531042965,-4.630419900320041,-1.1732470243868942
-3.7106053715367358,0.3903947930444236,2.0981020066842118
-1.035835140404353,3.5046067186626804,3.6204307749171374
3.453933595425111,4.993860148071144,2.3599730270964474
-3.7170518825615693,-3.463775010262562,-0.2002436545305534
-1.498015772137439,4.791656996763454,1.9073493141360416
4.009195878362187,4.65524031015606,2.091505591231565
4.921120466394452,3.33691397823665,1.683450406344852
4.729480427144766,4.987057141857665,1.361622971806574
-1.9217861771361076,-1.691901138688019,1.4947724794166404
2.2881268935586796,-4.5443766545425,-3.5953938827954053
-0.49850492922880907,1.1041809857876919,5.7356222809521205
-3.349831379368239,-3.9036862910833348,-0.48342079238551927
0.28327795780825316,-0.9018012699082192,-4.217095818872757
3.4624883794633305,-1.1334843037306075,-1.259721147294862
0.47708585966043415,1.7851287468067731,5.54101075320417
-3.728798199063903,1.8267515886586239,0.7271360850510733
1.9279440823144878,-4.574161354603411,-3.284303870909127
1.1569518055858872,2.0449139620405816,2.372529744316021
-1.5223285041210568,0.8263300903288275,0.8248459306312379
4.994852810591308,-2.3730752684274714,-2.028422885843765
2.449212825566435,3.1748882355462555,1.1873747721887484
-0.20725754242729622,2.6782226809911966,4.585253537339345
-1.6091713988782863,-4.658198357551235,-0.8785813469709011
0.7422879442587096,0.48043676209467634,5.535018535363385
-2.664625989628109,4.024643502477268,2.8530572412385022
4.616861789510374,-4.928656283639095,-2.8687814720648306
-3.604583046230325,-4.640240444529376,-0.45395635554537295
0.8322615626510146,-3.961086426636069,-2.6984207550511266
-2.7358687699847737,3.7948768150041765,2.832948063092234
-4.966311406437148,-0.24167715971217785,2.214410442742032
2.9399801289817553,1.1366544265648866,-1.2242902982791821
0.6667430502543725,0.2502352991611003,4.592138083918901
-2.946644413908169,0.019959637217868753,1.5615688852193115
0.03572596540469153,0.33522071381384944,3.698915818146026
4.433659318085402,4.1637168359150465,1.9278965755067807
-0.2630451067427275,0.4274399670932034,3.159141695530974
-0.281431762292935,-4.84360344455895,-0.8940630667938453
-4.5268022798365255,-2.3984642837552306,0.45499791457018296
2.84821544355429,3.671920286968742,2.1398328429974294
-0.9835765199043198,-1.782720519744018,-1.8020151594241447
4.857257008869247,1.8465138274802015,0.6505133824577657
-4.661293646650568,-3.8469483093532366,0.14244236036724986
0.26388082019041903,0.700657258930315,6.249017847056862
2.672067922271932,4.000477412127699,2.372939475680433
-4.62921991752518,-1.4228211264346102,1.4552212101889073
-4.140421718050035,-4.771848697630353,0.054214538706766666
-4.440502903090643,1.5185854958141398,1.3990042210861298
3.521512276042815,-2.572866536359304,-2.054299494273894
-4.39920263072371,4.021784644993344,1.0547516974041247
-0.5057542402896145,-1.8317079164201133,-3.7227830424158905
4.871202527452441,-1.5536382386044267,-2.2767975510618346
1.8927131550706928,2.877898172347141,0.6059444137219985
3.4824623380703326,3.716814060593954,2.360616680471078
-1.6509458377002706,-3.882012106994458,0.01862488527868127
-0.4245813159531373,2.349784664003689,5.732914639998074
4.634612530924709,-3.7085727086314177,-2.2000039925014523
4.490337015450081,-3.74711186076233,-2.3099622350723927
-3.7756686668253456,-0.8118824213837676,2.841389192447134
1.6498547980050677,-1.8912495873861799,-3.8790845525296374
3.7497624538401197,-3.135928330210642,-2.4225887888682696
0.7764051272362451,3.2774962573284068,1.4368332457077013
-4.123535731915576,4.538094971701449,1.5564949180200378
-4.78119902474623,0.049461607444893474,2.458487558797781
3.0146378489140027,-2.788119926783146,-2.8861273649588703
-2.999649741989183,-0.7343634311968366,2.619398605417095
3.410036007296588,2.6419009588681606,1.02353687042479
-1.2180526016767104,-1.518872027868893,-1.3625310088598637
-4.183311467140715,1.3485980307043786,1.3833636212997218
-1.697179783507731,2.1193358316366435,3.9035135005305035
3.9298795121128176,-4.359262889927545,-3.160589443239588
4.515629308009888,2.5082689406194447,1.3792031980426964
2.013409780343137,1.1649007697416849,0.7820730613246747
-4.885487884343198,-3.4152446335387623,0.18552910242274018
3.340720268507752,4.266186019594937,2.5738976657030364
-0.465199639656241,4.181213577409512,1.8468632234035518
-0.9854089576112814,1.8676873942779793,5.633719945849248
-2.9049427976575837,-0.13491382858644485,1.7159653859282262
3.9420611653758435,3.9457850429756487,2.308288437054563
-2.347156404200982,-3.255001630475274,0.6875374820549169
-1.7099125782025357,0.7002348456172474,0.10689616169314477
3.927161346421302,-3.9932534452544113,-2.9572126537584293
2.049405247045266,-2.518956308710949,-4.15726853239123
-1.633893603272952,-4.506278542953149,-0.7302379958835119
1.6681079875024096,-4.836716737452873,-2.673920452037139
-3.188996715071636,0.14007476631220062,1.7927210628794346
0.27172109993687243,2.810515539211959,3.1798937465474593
-4.615925825243057,-4.363723907556772,0.2980752519393091
3.3548971889489447,4.203254208134069,2.561334457392799
2.1706029953687453,-0.01330612323809266,1.1739101269583505
0.4959527777459165,-0.6986900593392598,-2.3863167233191347
-1.2835799327474207,1.1422735597446634,2.7790299273430215
1.1308952955952032,-0.9206929357066596,-1.5904781827806351
0.9125070871706864,-4.342608237826298,-2.2772486473142006
-4.318163003050287,-4.013876681965542,-0.06386337875791294
-0.08714206698399352,2.8716419111004665,3.8223621140887976
1.7664564826819928,1.526974857294019,1.1551731406456833
0.3005891908888785,0.5492887225954721,5.674980970760583
-4.883009584050778,-4.917228432874753,0.7216356783338795
-0.8168153069240045,2.701889572199347,5.138957593749794
1.859546525993255,-2.6488479364727557,-4.616018726362209
-2.0664742075363876,-2.1920073718314006,1.9092632979084696
-4.773776080242328,-4.146607389189035,0.33947159164973134
-1.5778809758602597,0.8192651525109689,0.682741185197056
1.3431553375466656,-1.540562692678673,-3.6897859632018926
3.4944575649923024,-3.160375646465096,-2.712704728399989
-4.865588116283847,0.37211470012685943,2.4075003097159184
1.5480887669924348,4.66261696907072,2.2005637556926576
4.186004784472573,-0.7969194882035584,-2.1489651355787265
2.309340323932801,3.3855426898868473,1.3936649008746376
-0.8734752150594582,-3.951182631065376,-0.16885889876878682
-0.29500381985882473,4.390684379312557,1.5214942608281987
-0.936494512721417,3.8924373706655793,2.780317886184589
2.2574043049712875,-4.605825606459746,-3.50991746846522
2.4015019742309986,-3.731213517517613,-4.2235997115819135
-0.6133658843388154,2.41425612103085,5.675402714127454
4.530436633972803,-4.002561013890427,-2.441314218822285
-2.5877148928531133,-0.0007334496184636663,0.8511214466032531
3.902947393586352,-3.5788792367491307,-2.669009604652201
-3.6792176106596255,2.460341972093759,0.7901426847500981
-3.3022628662267883,-4.324681852496064,-0.6508173161716866
-1.8902912523822235,2.0831321383310266,3.299960231239413
1.1809653284906707,-4.238607068659254,-2.838905260977405
4.897391754795068,-2.888753046333413,-1.9081150622830607
1.59044824666214,1.039383318747376,2.6524548670555914
4.553925041938694,-2.857191434956372,-1.8763026252712134
2.0286475085803843,-4.1714104996904755,-3.862003433151665
-0.5619606846866221,3.7727870799007306,2.569439092719124
-3.6193121622535376,-4.592491387183103,-0.453585168413283
-2.553552236014255,-1.7356190564026832,2.5042399877543207
4.274195673801399,-2.398659249794796,-1.7679998927304146
-3.0422758160124497,-2.723241408348117,1.1053588800442076
-2.3613114751012976,0.7802728816086493,0.11442097734751622
3.5366646064643277,-1.6633752631060394,-1.3727062983964127
-4.942768278086316,1.3707207844788698,1.8246592203281138
-4.642148021871256,0.2142809165110755,2.5154510217532944
-3.2299347543581813,-0.059669545629082776,2.1326438538118557
-1.256913477516135,0.5570838461268757,0.33055537497487913
-2.4418473357501846,-0.3101562780318714,0.9500911293275485
-3.515029882750149,-2.659436216952055,0.8105301134290699
3.2418430111703973,-3.5428405672805,-3.3755785205299165
4.791833089663291,-0.5509763713421458,-2.391819204140933
-3.3854225438354293,-4.845917253633221,-0.5742408758269754
0.13511114201790075,1.3706048056335254,7.094781410912092
-0.4518987248976565,4.647195236169095,1.4318466938871017
-1.1349204246470501,-1.7908013181086968,-1.1267735141091364
4.873381060451621,-1.4133283392428044,-2.3287448358583753
0.7412369448416651,-3.219473742148274,-3.9278161809163508
4.989400137384511,2.511867715341406,1.3769444333350003
-1.3543958048297169,-1.6769301838785844,-0.44445178107790134
-1.1107113710199013,2.3095871287010077,5.41927316711524
-1.0051581571734114,3.796912809063187,3.0250618596852177
-3.3572796491653523,0.8937452378955832,1.0603362206189308
4.39183921441561,-3.2234686275985833,-2.0543537811365655
-0.11004049108746994,2.108276685210204,5.999889931673599
4.270704430910396,0.4564711014534506,-1.915892916283388
-1.3978055975180084,3.8599901073124645,3.2133026040125148
2.3695895235148097,2.0906490736504404,-0.2242959683140446
-1.6743961717952418,-3.723867078945242,0.21971489449768652
4.405502442476376,-1.8895269161419401,-1.8658812573983745
-3.320826691342096,-1.98270444743636,2.0604336405757255
1.6899049113219622,-3.8500958277366992,-4.042203665786178
2.4420871916396454,-3.174380624565407,-4.1294445555462165
-3.3549043465687944,-0.9979034032687366,2.9055929192039445
-4.901885956223976,0.16899208663865473,2.3992118497420236
-1.6985895494036685,4.848465821588453,1.9637078299161361
1.8285832282734678,3.162238398568535,0.8688397455247348
3.2186597134857102,3.8352998999689483,2.4160642915551684
2.296439358597291,3.59267043631419,1.6663289856685257
3.837512417344648,3.5058206430818704,2.2156921965050627
1.0958914916359728,2.1713040630009903,2.3119459139649687
-4.146603977184982,4.073839720091865,1.3208925308793673
1.625598357497501,3.4467886516760515,1.0941946408982224
3.6374946830142676,2.922961654568139,1.6077623614808967
-1.9799569683910336,-4.713597479606823,-1.0076332497181764
2.29953418126993,0.860000880967684,0.1782203622827833
-1.7361921834103713,-3.637337410615401,0.3243413519171276
-4.365076642107232,0.2551215345359896,2.5440010721201127
-1.3682322628585144,4.442100597886148,2.27381682360103
-0.9264005194876788,4.824476268582421,1.5253780421283818
-4.755301866553408,-1.3722970518576547,1.3840411290905499
-1.4157124157915622,-2.661811434866692,0.8533735228135526
-0.39613662725435006,-2.633449513513102,-2.1447624082139405
4.192652654016015,-3.555603421598451,-2.3948177253677048
3.9145020921404488,-2.1911591457607162,-1.660617713865218
-2.0839373014990037,-4.710816872209543,-1.0174255681736883
2.301413710811307,-2.073761472542932,-2.8445098009073133
-3.459937406871396,1.0038081910464003,1.0647280553410012
-1.678402046543206,-1.1764697657191991,-0.102803941074542
2.9986853614415763,-3.146402181628413,-3.337430726895493
-1.5516048685629014,-1.4666647031822047,-0.055206824337966955
-1.835237823947545,-1.9411251115231618,1.477609773049919
4.648687128393208,-4.795773071961281,-2.7903942377213586
-4.801294886561967,1.5811785908641331,1.5628221988697983
-1.5637466825688962,-1.3034746868293166,-0.32146891926460536
2.8854228408982605,-2.7101969474863505,-2.968635673234905
4.541496840737789,0.8909174907000716,-1.1547311127930966
-4.852272532632458,1.673528613902354,1.5023567361809627
-3.1335226967688854,3.900381218374365,2.3939155341972658
1.1049432646202737,-0.7055443474830803,-0.4423143724347554
-3.3387688505173974,3.3289716994145717,1.8051850965968184
-1.9008742009394428,1.0146293203405303,0.7028803914267034
-0.956631182730737,2.9478293745851802,4.689408564657482
0.4200083923832052,-1.197862276767406,-5.056168100564727
-4.181788789720437,3.2266311205066156,0.8285784558625056
-1.9665072844518852,3.119505565137464,3.8502175524410096
-2.3281935019457043,4.89934242289174,2.2002108966423517
4.073184092000448,0.9270255023120999,-1.4600291153752194
1.9429194282487465,-1.77015205273804,-2.842522326882996
-3.535160833645703,-0.7679850091559937,2.9066419293844543
-0.2936177193798786,1.1766266861493175,6.56300029574449
-4.860621640963021,1.1833713679621196,1.957607604699721
1.276459441319334,1.5480887573371325,3.0249744344551455
-4.312219650998848,0.6271199704007913,2.250804416394014
-0.35364574673352855,2.1627622725687043,6.108570063896546
-3.1285108671152573,-2.8265789941693797,0.8639885291993352
0.39855161020868923,0.6471833633847792,6.169595568566305
-2.017260925194649,3.8334189283512927,3.335131632736969
4.923205578105433,-0.6251971027725514,-2.398593839756124
-3.153939646895255,1.762307835874851,0.692800102647532
1.724387669980417,-1.00165732383251,-0.6370461746178758
-2.5246899569226224,3.598684625418331,3.080141120200694
-0.6127026080106397,2.2001285634165733,6.058849437315556
-4.742428295375736,0.12560009804226002,2.483838057595039
-1.4965747220981984,0.19682684985977605,-1.1541536814295101
-1.6633035542381513,4.40433933826327,2.5253512172723913
3.179955318613853,-1.6886168926944212,-1.2961582552856528
-2.4977115077950405,1.8208104680935788,1.3860044719939344
-4.065252318658665,-1.5789286643861047,1.8731266056909164
-2.0869331309606967,0.9216940563042906,0.2995521356069571
0.9141343741323285,4.398932910784048,1.5280913103165672
-0.03295568523500414,-2.28585991633162,-4.237524589050964
-4.681274610395859,2.7740676829170283,0.6603495851031137
1.1550428495878142,-3.6038798582575415,-3.860855829234557
4.673970579703996,0.022773433150867106,-2.1251865083670385
-2.7330650965825187,-4.277852369104447,-0.7437280329644126
-0.018735261032977846,4.626723751774184,1.3424860674891574
-4.834336492484756,2.9215127047249005,0.6400624782522718
1.1194090545889814,0.5582129550078774,4.901240789466017
-4.592809616173756,-3.6425937255250354,0.0469834214787788
3.1992853555656247,-3.297864335033176,-3.2179929817883037
-0.8214759428545895,-1.4374637766787526,-3.3182867726568395
-1.2819704305717794,1.9131827729872555,4.838320567529158
4.564576194430662,-3.507822559311393,-2.1279279634296815
3.2486540346742228,-4.295721320191017,-3.669422373433535
-3.7283498616114863,-3.9595321927763347,-0.4085779439584222
0.1985796508529898,0.5106207548690715,5.283787288858566
1.7705996213656494,-4.207723794445482,-3.621763313640491
-2.1961226613818896,-0.5353422559817993,0.609870927142134
1.602960406630797,-3.839950856765504,-3.986254869835822
0.007351328605077256,2.122700178543047,5.766961312802709
-1.3057644203378405,4.165559333997837,2.6450420897204157
4.249794830907561,4.561726405775229,1.9317962114626606
-4.541384736899413,-4.647426343887863,0.3547023829713355
-0.3824617198583935,0.6310449916323213,3.975056050897623
-1.1335901379793811,0.7396630236984016,1.5391657976010171
-2.0255165313554135,-1.4672495988539005,1.5329899861519214
-0.9501584384516928,-3.261287899869431,0.10149779563145407
4.153495180251799,4.834124679601807,1.8867693191910397
-4.6592033081735025,-2.495343042286835,0.3328290803009371
-3.8791097903856997,3.0640158435115854,0.9718811397394882
1.8272876959819753,-2.010304507929428,-3.730537162120856
-2.421253238347043,-4.615403721447836,-0.9637305282686203
4.650255045012308,-4.112601261429005,-2.422010261684434
3.2546690073496194,-1.432862925520868,-1.1339466833254734
-0.6129456748060571,4.334517283338037,1.7958615985010302
-4.517851135998493,2.108806503304211,0.9310170201728317
-0.970679136405094,-4.082498241615275,-0.2170385989889715
-0.6671201193995113,-1.7984408432981547,-3.1435643791479615
-0.8871681036144086,-1.244159169671203,-3.4059210669345275
-3.586807477187132,-0.8145312311548523,2.900529713454549
-0.4409647825565095,4.357076646970198,1.6417563335691912
-3.9634972630377163,4.633128872133142,1.7304656967176877
-0.6083282085812938,0.5544039611130795,2.5250511905691275
1.9085441782443455,-4.503517343633929,-3.356805133468495
-3.8620672041218542,-2.923647784129618,0.23740570777649692
1.1795486760516969,-0.22574775549790616,2.363837310246107
1.3650515183053074,-2.0017144976990577,-4.790459575137609
-3.895424946602742,-0.20621269540695586,2.758740993919309
2.222178704547347,-3.2115275158287506,-4.397815054901073
-0.24476963559991027,-4.977183349985326,-0.9699621134404598
-2.682517707460331,4.337697583987675,2.691591616714611
-0.7717115134765509,2.7619002971288413,5.003584782763689
2.6069083742446333,2.5418278469356625,0.3040155430505773
0.5622986650065869,-2.2800619311445516,-5.467091119590388
4.370634502044975,0.18516075369094942,-2.1133859033927416
4.217657988568682,-4.812620702980944,-3.1077137197502305
-1.9652012959363807,-1.1988445563723529,0.9789849823183221
2.6618644212098292,-1.8274314804022138,-1.7608034135797521
-0.5013235264406717,2.6770872017661684,5.00548033227214
-4.373534204936098,1.5600435099800656,1.309956398599561
-0.2686059831353491,-0.6526327506890954,-4.127337718111389
4.583344423356406,3.3319166848666235,1.8934878668225337
-3.7333869627439267,-1.52255435291891,2.29924970627481
-2.9823399236229973,1.8483675543312703,0.8393294438076939
2.4860659999447936,-2.0175525301843624,-2.391871065664824
-3.8451528901676815,-1.621443918675248,2.0559386641684143
-3.97199253630382,3.613224823013713,1.2294835145086929
4.58231047406273,-2.869579705440406,-1.8787132646622933
4.154736740539953,2.5872249189955134,1.376476923965167
2.041093995358789,0.33428692093558077,1.5417207044363563
-0.6518184971364391,-2.070704459798306,-2.5210093353459757
1.8204700314608147,1.5996354513127873,0.8834430311477693
1.6190492097278302,-1.439765066336669,-2.5683374506761676
-1.2828447467811612,-3.6842557841595114,0.22916248268881262
-3.615624654446048,-3.89807789237996,-0.43116854147085676
-4.145382248346065,4.37972038774088,1.4724872651086292
4.825735459336029,0.24031689922551713,-1.8227838862178818
-3.693220145729329,1.6816308095519394,0.76518922503758
1.8266909474167905,3.7343876661883613,1.501011470640378
3.4710086070333563,0.7370550870845012,-1.7496863270388896
-0.08985578609545897,-3.0143672745069825,-2.3052550342462217
-2.708771627154871,-3.2085166928164064,0.5492549327783213
-4.5740277148926145,-3.2069866112559273,0.031175131306430598
-2.874206639037662,-0.4055236195508254,2.056184798047615
-4.879397137637617,0.6884639612324639,2.2992508091423485
-2.4241951082489477,3.6890850842324703,3.1704637124252275
-1.7300073671502227,-0.980729300869033,-0.2653408846261583
3.197516794928484,-2.6003180190751376,-2.394751233180686
-0.7298481223216342,-2.9451581034604635,-0.5672349008609139
1.305971272149269,0.22448263045025563,3.859589790892801
-0.31024368844671724,-1.3964613341397039,-5.181240847638962
-2.3373572240778264,-1.5680563121538027,2.265977743115672
1.7296928277181411,4.723924471167507,2.3783860543446402
1.5600538467682323,1.9616663452206744,1.217655032158591
1.6207602459846138,3.201098460961223,0.8895131902145016
-1.7668779166241055,0.5782343047391052,-0.24598313046863787
-4.978445238282521,3.482614175868342,0.5671736796353568
-2.0363717371585777,4.66181577174668,2.3682923247009757
3.360658544516129,2.8238108193249403,1.2923285227959775
-1.0511948294002318,0.06330322853579418,-1.5414402837981307
4.288541417291823,4.911196717947332,1.7361319876524313
-4.512669092558634,1.0132835665061437,1.9702434360488037
-0.389680508765089,1.773536085930747,6.716713302470836
-4.412343223669478,2.496277193382765,0.6967423355737618
-2.6331727599776524,-0.56124882022063,1.8076381981644642
4.749366083682915,-1.8755150176377633,-2.07903347824857
-0.24180912755347972,0.1004788454578307,0.8182397527052272
-3.9667486215465564,-1.183416508555133,2.4509510993176393
2.503528875486553,4.282391521304136,2.51450471833206
-1.7283205871545837,-2.049274616736718,1.2936031500909455
-3.099478443475628,3.4333098531868984,2.231168562211174
3.7470802672256944,0.7687473092114105,-1.7677180152808352
0.8285321544018895,0.12179413072032386,4.01389215937529
-0.19025017656273668,-2.3099620483628227,-3.665790275070195
-0.5942100739321159,-1.898302870692591,-3.1974828382211373
0.9247984176993658,1.7694453002181652,3.933892687040793
3.857518165075472,-2.9331505850910533,-2.151169850432531
-2.8603035176943106,-2.089371594763568,2.2235974267566174
2.0195851559774916,4.851862689463527,2.616828329370827
-2.6421910679961624,-1.2844194135535325,2.5667105620222594
0.7642891160438703,-1.072571717408115,-3.581969826042605
0.036581641048746505,0.2734883406947901,3.2613788782892117
2.541167365897471,-3.5701172919949653,-4.147811397774644
-2.011071995107352,-0.43244991570662705,-0.1363368533495299
-2.7019559247310565,-4.476887299651267,-0.864814821862464
1.417695862960163,3.388004239170469,1.0246020212442075
4.19119488326478,-3.5124873656259705,-2.3641899868733938
-1.5863125399822242,-3.493649473495184,0.5057215252391998
0.5141498866568961,0.8893224330051162,6.6538734273141475
3.6511736751937143,-2.1065489040866314,-1.6078197640228078
0.15056974803067202,-4.374776604834941,-1.1524094280754513
-3.0886151484476687,-4.780114121339304,-0.7904979900193025
-4.4721375953079345,-2.534452915399572,0.3604261902467253
3.8228956424239087,-4.709439626396371,-3.3463845819347435
-4.649934184896515,1.358883435320866,1.6972445524136448
-1.6912807870772282,-0.5440954402811133,-1.0940380547672168
1.6058842985236952,-3.027088545892287,-4.885753990507506
-2.133302292651954,-0.9050973190506193,1.033248069660307
-4.152121404562851,0.13014719736810587,2.600927727519571
1.801838351828712,3.9292565063114644,1.703088755208465
4.911369165488413,-0.004490789452416877,-2.023141239310661
-0.6752564064208926,-2.3907714532014266,-1.6709550245343991
-0.6173381056526841,-2.620681994856887,-1.407872879734042
-3.9424836785679798,4.359160213224939,1.6643174894607367
-3.6751798513621714,2.88138812776607,1.0367278949931675
-3.8065154127218523,-0.6729847857349665,2.8591051352539587
3.202107976377782,-3.4688233466840677,-3.36577140520145
-1.8318044115982115,3.2420018018585033,3.9505948425192785
-1.6359174183450786,3.6276955452880006,3.640037430694555
2.259082421281013,-4.462539822948285,-3.6666655264022174
2.82422883427821,1.6776352602661895,-0.7997136520786257
-4.975167213574271,-1.917235070345158,0.6488331274299264
-3.7754722092009683,4.760329129187314,1.9035697704935952
-0.11613908575363219,-4.721933745296166,-0.9071076060660153
4.052570567249344,1.2479867766236454,-0.9816103273866921
-2.339056593288408,-3.1590624446607194,0.8445647800750821
-4.565943697150569,2.4868697810731666,0.7366635292802173
2.823523115834197,-3.9478963850795665,-3.9436703925872894
0.6239070793574006,0.30087056025337144,4.820519182874092
-4.448820705405236,1.5628758293287648,1.3601164571210291
4.617346541262819,1.384404132173712,-0.254216981498047
1.5149520819006126,4.419039317283296,1.9705579714295225
3.4043401357264145,0.4447017871733694,-1.7762318348677297
-2.654404403401276,3.960290190277995,2.8823877926709622
-2.5863372704770504,3.4362538152720212,2.9890979061342065
1.6108006360332805,-3.980406963923395,-3.7904712812597228
-0.598900126436936,4.125368592509799,2.046389994461919
4.304692679140063,-1.920680427729776,-1.7977081641591763
1.395582637590148,0.023705787606132844,3.177881378711864
3.64408091011909,2.2818893129954425,0.5623676362298902
2.5785929361163538,2.2926399277194696,-0.05984352289658429
1.6630059274214926,1.9591624247164274,0.932463200055751
2.6088244962369718,1.7912120458040857,-0.5993899040088122
3.698821511499375,-0.6332854878549181,-1.7425810467330123
-3.940562148888085,2.652527718799769,0.7400242091010699
3.2040753980879497,-0.7024814887254198,-1.0082974974129544
-3.5494947855960914,1.088350064462177,1.0753109516588257
-1.146214527191629,-1.508139067051455,-1.7084886901972411
-4.1275330272810535,3.7212831045558676,1.1393784346798534
0.09549569349213716,-2.1999632372492908,-4.803749854194834
4.335604214935241,2.643921728529616,1.4972458988530646
-1.6813557915895352,4.111505587632369,2.957114300590206
-0.2668861040583064,2.6190010625371363,4.8502847543355205
-2.6618677692127446,1.6558813802432715,0.9184341174327451
-0.17928140415955607,1.7782061159443883,6.763807158627867
-2.411510547681901,1.4479982049914888,0.8998979272454357
-2.9914912288962405,2.957720526088826,2.0171352933962283
0.6789544405604717,2.842246313040457,2.149670625553813
-1.1944492572928453,-0.753131314131533,-2.749184483031957
-0.7583504318569254,4.880437714629732,1.4099820194899164
1.7572546337328907,-1.5698618037852663,-2.672070288592159
4.073145054941909,4.393149238420966,2.143724432269823
-4.220070051583741,-2.723997538755217,0.28818546464288963
0.04684692209781005,1.7879748768015613,6.5511143846790585
-0.17440157795122246,3.452359841893495,2.626664482269842
1.2877404543073983,4.929399564894773,2.1914116455178485
2.769428224450613,1.6171025813349562,-0.8278105469549166
-3.490351358084566,-4.461986933663013,-0.5612141103927893
-2.51759701568111,-0.9852195562894526,2.1323130089045383
-0.15684882443521708,0.4339694440925772,3.642576248515218
-0.7520659504319402,2.217339343787316,5.950002691678736
2.318701294096341,-3.13111138558279,-4.262235654110799
-4.973733419375704,4.244707142539015,0.7291046709082668
3.9650718680487174,-0.341831007601324,-2.1335750405804013
2.519831245948029,-0.41954123755362005,0.21490351281209594
1.1831139556938908,-1.707755366824136,-4.6194927889839015
0.7979113613416642,-4.5016119716730465,-1.9219808087028065
-4.181967075428949,-4.6316896941421115,0.032512899157126275
2.250730264914889,2.981228462942333,0.787920383377299
-3.756357237430702,0.5871284859646284,1.8946732027356128
1.9941880932536504,-0.6892357549812731,0.5515508887313212
-0.41860070863437926,2.9797770901856326,4.124878911470632
3.3880964286629727,-0.5563882041317196,-1.3550540181167223
-0.6720652340471434,-2.8501479937460017,-0.8500344452123203
-1.5730127096159032,-4.862130925716107,-1.0556251046690421
-3.6864784207734838,-4.730128177013197,-0.3628549084905027
-3.7366335366874006,-1.7880060275160448,1.9383766272368501
-2.6099329218081357,2.683204896015347,2.426013592747141
1.5371341780221037,0.7187426781056372,3.294743025176868
3.2301574873934005,-4.279536381466333,-3.680570393369055
2.98835480309393,1.8247224940945097,-0.6407063030297171
-3.8243305085774857,-1.2670947546620406,2.50027723943974
2.5477859476629403,-4.4205383538988325,-3.807188808157773
-3.367141252156797,0.8171535328019663,1.1542496043118453
2.0446853845571447,3.0017526790847153,0.7411350554238262
1.2805198806315357,1.3600953002760363,3.426353312720022
3.343907782298878,-4.308064841010024,-3.6076764491583977
-1.9699765462788879,3.1022746215234847,3.849175849688551
4.846159288900848,-2.791497372168348,-1.9006957750174258
0.3589594027483143,-3.9666034270130623,-1.8101589584743925
-2.1175655071434063,-0.43102051696582855,0.201745398196441
0.4189002529482977,4.912141683415639,1.5346475473823986
-2.5872885723735637,0.8066345370724441,0.2767934291141408
-3.154394580382535,-0.7035530218367247,2.7425824288856
-0.38213049915800923,-4.821726754747071,-0.8619602267518728
-2.290294940987132,-2.5940990300500677,1.692371936424623
1.1580921069675343,3.9249469460388973,1.325945119343485
-2.3686378298997592,4.055606876266893,3.0142950936785833
-1.246902017042122,3.597435285597882,3.5854802128293652
4.929557090924515,2.847991093520477,1.580435265982133
1.8437129208344016,-3.8777764572979256,-4.104742057946875
-0.11941748457961943,-1.8203701481160528,-5.052018135754636
4.519249369344781,1.6317808394235076,0.09357022313423088
3.752216674448526,2.1332275581580404,0.37582319225648086
-4.381531548908474,2.4877319700499276,0.6937297167915162
-2.8811899974166755,-2.0052576368281017,2.3197094795245765
1.4216762516889547,4.697355851949032,2.1287209173599453
-2.3708181352805466,2.110234666827715,2.1273824316797176
-1.2132642003101224,0.5485536293198443,0.39310346788060685
-3.4703374773931572,1.9775955036889261,0.6970157701121437
-0.9696497339385672,-3.194296453914359,0.1242055751631474
-4.945031685843794,-2.5182877228613734,0.2818009495846136
0.27574898423620375,0.9499325807407359,6.892875743787319
-2.4662009978154185,-0.3084314685378855,1.0106201173911358
-3.125151545780749,0.9875379503736461,0.7248889061901601
-0.512952525707405,-3.95250600229112,-0.47106705504857943
1.4220793962114815,-2.3269865243867294,-5.065165906533079
-2.8565920055839786,4.647734975696867,2.4395586442435566
-2.551941176750392,-3.392622483247739,0.3554153354275741
-3.4514971096075286,-4.3824844273961645,-0.5852061596463733
-0.20468233771268984,-4.678767408884335,-0.8515845735369362
-0.7795289595423984,2.702884138618616,5.128616870532999
0.7248720194676377,-1.767682697118361,-5.64735398665905
-3.482854122551039,-0.6021460053916456,2.8612794254650176
-0.6082630777410607,1.3110875402678204,5.943194709940335
-2.067431008121483,2.870562247553883,3.6715831257108253
-2.9522159737693663,1.3934529575463062,0.564224359818577
-3.5704258606591797,4.845037195871013,2.0388474004704555
-1.8888692803386018,3.4969904023265777,3.709664254444705
4.226871343254505,-3.197325575100858,-2.119359287505724
3.8408705865180366,-2.5115606132586876,-1.8339116208710096
4.825965763217637,-3.692579627735264,-2.100927917744654
-4.61433894529663,0.7605316251426686,2.235424922349039
0.9609806112214052,-2.490305595411215,-5.410163186701266
-1.4014744102684649,4.364248231312407,2.4114123975079442
-1.4136421924948528,-1.915930083551347,0.20705618546164742
-4.484325836271278,0.9666260053455815,2.0022911131309216
-0.9101274307317784,-3.304670172953106,0.04168125479926287
-1.0224120643014114,-0.8227632776908269,-3.3330085241182323
-4.908252254787401,-2.9614679869131932,0.16819874322264325
3.3457345470347093,-4.934411771205433,-3.50959408476293
1.9702690675106282,-0.991885878680435,-0.3314759077478479
1.3428685869510328,-3.8570241469700504,-3.6802583089039205
0.49401265754464685,2.7905140043115253,2.6871359317405443
-0.30619649394999726,-3.829491142993823,-0.767998725224011
1.8861439716810295,-0.41409619592539215,1.3153439289002362
3.035510204181165,2.1327799653282176,-0.15187829386572377
3.6304996186320277,-2.902183687976727,-2.3032726775303565
3.8874037172055385,4.741807111712298,2.1510114615816307
-2.009721978447515,-2.0990504804544363,1.8528994553394798
2.16350148258271,2.5458135771771992,0.25444285839943714
-1.0134510373575045,3.3295928672974746,3.9548550807895344
0.6887379057484111,-3.7399794625779927,-2.802837725375257
0.9761462953955169,-1.1347125182205744,-3.1852531471310566
0.32071234951563987,0.5562032911183712,5.736120285641324
2.593468064923923,-4.945923284731261,-3.3559872721573365
-1.944745309099841,0.35052619306707733,-0.5489849658623319
-2.82887948045813,-1.5917758615079327,2.6816739298098393
-3.8353967758427974,-3.3129321513274035,-0.10317606552159006
1.3333260277323022,4.014758641426164,1.4745945806852105
-0.32626453583147086,-0.06454817768232601,-0.7422977385906592
-0.059517233725660645,-4.140926779810673,-0.9863281763728026
4.654756497149087,-4.151802185447475,-2.4417702035852122
-3.639027029645016,-0.3186751788369113,2.7617624193862054
3.3668748308004997,2.6109813818789664,0.9372712495680043
-2.4832826842728006,-1.7836078824246462,2.4396389042988473
2.772534431048273,2.1255334117480595,-0.2595733647488897
0.611975330643018,4.71185930918131,1.5432906811075315
-0.7367052697196605,-2.212634385754002,-1.8323510805323784
-4.653893927749213,-1.0546287897714346,1.8539242154580458
-4.6704049680293735,-3.9434572557005154,0.18021757094183172
-0.0020497113412218937,2.6365418017387334,4.293785860439876
-2.32699930705731,-1.5257415296543764,2.231131136724885
-2.712024156501973,-3.8832201199664618,-0.38565763474126963
-1.4368422164142567,2.558006466551813,4.788918800439609
-0.3144293692199689,0.9928339402253474,5.982653306417388
-1.0407354828219537,3.266975418677479,4.09661727400609
3.603260619827319,1.888859600968794,-0.20216538044566926
-1.117601554688127,1.4413358410322488,4.434649571825027
-1.6000670394797014,-1.393581148628673,-0.00139572532969718
2.7190351880413868,-4.207303651135276,-3.929949171985264
-3.780618048830655,3.8677825160063666,1.6013483760636722
0.5101523745195768,-3.533175045421074,-2.809398218757292
-3.717619571333036,3.86102188908961,1.6712242411452247
-2.7297063375448385,2.5188526282588075,1.992528298095065
2.748089581391376,1.5125910022239228,-0.8848855193736109
-3.862557461200015,-1.9768279585054591,1.525057519719303
-1.5040066202498603,-1.5639048785528886,-0.06066374919163022
-3.6864262055495125,-3.0688925107710716,0.15734451971809285
-0.5992825697525639,-0.9590242714190307,-4.59343788725501
2.905020462694658,2.202333904959489,-0.1009108803400448
3.686319449019585,-3.9611979874646774,-3.1747680945728955
4.857095869042583,0.7639213126786659,-1.0751036016567117
4.561243413008958,3.443951881916359,1.9233304325354983
-4.567097042562506,0.18385338966175446,2.5450085772851825
-3.1817499783376793,3.147529941507459,1.8871823281418212
-3.08115000179345,-4.502809515871182,-0.7746135795544076
-0.23606513908220794,2.113339023096275,6.134053131086841
-2.637851261425629,2.6053365788704355,2.2784342367501162
-2.5529494088810667,-2.288327022486097,2.0591451844171687
1.0563306794110154,-4.326331491527422,-2.521653553947712
2.0490480153466004,1.3098387899826918,0.4988232637100906
4.252856420939354,-3.317756681938402,-2.1839477646311907
1.0522357775082547,4.476619108922378,1.669573247284656
-2.6870660401632973,-0.42869927718885137,1.7242650464056803
-4.043838315911431,4.155586235302778,1.4689024607273828
-2.8348826456823497,-0.831659579225148,2.5031179672638575
-3.3022675584296612,-4.311098455615249,-0.6481976598873369
0.052872526267632836,2.53908013202767,4.452152139632893
-0.5507051060002874,-4.888986464323647,-0.8921472086151481
-0.9111838828967409,-0.5910719611081552,-3.545977407740035
-0.6698333415159201,3.862951396367313,2.5388579531952318
-0.5386975286005535,-2.9412072336528183,-1.106736308062416
-3.789210435913537,-2.218755891026456,1.2344071481243744
-1.087640013946035,-0.2884780781910221,-2.6813271023872396
-2.1761702639342184,1.6809000187085719,1.7471953183197493
4.022115502245903,1.397121538935516,-0.7511848624554541
-4.384013329358163,0.06269583876386697,2.6229839432016546
-3.2991344558983537,2.31380776250091,0.9642638988485015
4.936084712566775,1.2804038729365432,-0.16797709041708261
-1.1255099257450043,-3.1007909527733757,0.37628116458663624
1.8001148669264575,-2.6347716097590093,-4.696256371196175
1.7484773365184783,-1.0642127976135454,-0.8438670579347031
1.967740653916172,4.630620369474368,2.4698609785526933
-4.036913933876669,3.0899272911262408,0.8634581042358305
1.3183364211430622,2.5967643970374024,1.127940612494545
1.9535445083877718,-0.2932641735756034,1.4520650326427547
-3.334725794462744,2.2823906452405387,0.9110303356198781
-2.71257413582818,3.825591678447177,2.8554699602409954
-4.858147676991795,0.21784067746227542,2.4249003692156226
1.312182244773835,-3.282501673499578,-4.562098923771201
0.4027393199947298,3.7485446150153727,1.487071658823032
-1.0717022359877424,-1.1405680768354975,-2.7932347083939946
-3.5328424407869843,4.817129439053881,2.0659123206172825
2.599341313300333,4.11440981027596,2.433425139453433
-2.3823981828907117,-3.750872607574628,-0.08238285811763797
-1.8321063750409783,1.205562409865248,1.3525290213063457
4.343742283465833,1.6510465089282986,-0.015716530609199544
-4.037333783164615,-1.9313707948585868,1.4078728686732738
3.4843744612559195,3.576218329267462,2.2646396193322165
0.1599564095594559,4.041350845313241,1.4806630990118548
0.4289943492371817,3.1513032684854494,2.130138773789397
-2.329525833518087,-1.5716609296524098,2.2552384765649394
2.5982360890099763,-0.9197391040312013,-0.2716769004477584
-3.7514386529351738,3.2422612115229246,1.214533424285234
1.4683692751281008,1.3226480235613822,2.678023347024198
2.1493708585868685,4.370869638644638,2.3938954109177226
-4.155111324410941,3.212744923695169,0.8401547563127565
0.39979738466068326,4.288711242519511,1.3394319211588066
0.5541268545578726,-1.5792850493620958,-5.6599207119627115
2.3105704784336876,-0.9930433970086803,-0.23917340479858465
4.7595264220338365,4.221661425461065,1.6286372723498597
1.5983894540030246,-1.9738869229536258,-4.196706085660111
4.103366640330318,-3.2451621733480076,-2.2294236847927507
-0.26711799915128864,-3.1963562492259214,-1.4746016861696123
-0.6406408324113642,4.033574947060634,2.2240162937977663
-4.527653642778723,-1.053873006028374,1.9946408281609698
-3.9353464435198457,-0.12718082016658805,2.7225576864977574
-0.5362773462678172,-0.4179650189871973,-3.3302489302554052
4.991352886076525,1.5112200207359923,0.23374711261901554
-2.963088495918098,-2.68764122406854,1.2289055603246508
-3.4296715475760395,-0.42107631061132267,2.7305386253757096
1.480809378972178,4.945352291299191,2.346830284657006
-1.9772620465399946,1.7155462266965218,2.3095500102372815
-4.429179773227309,1.6324936202475362,1.2779473443842577
-1.1003668389829881,-4.926318517979423,-1.000939587562996
3.9948841580056413,-0.0652716346670772,-2.1845439884851747
-2.5462483880117412,-1.3880780096519385,2.490818339160512
-3.5388401409777415,1.3141437467306218,0.8747771434214964
-2.5319040264727164,3.76861924381849,3.0450532280577733
2.2902407398427105,-4.576162721917538,-3.5625280484174575
3.778025027304505,-0.6255974802836324,-1.8398393297652362
-2.1418586219675353,-4.59034332544448,-0.9324828660938174
-3.2857078168281175,-4.51062021313943,-0.6793587544318104
4.517046113818198,2.2575363908537227,1.0725266611109336
1.8789686731869537,1.4407025111543001,0.8918666314605548
2.945940555625409,-0.9614495683026139,-0.6572144007290162
2.3840990561441835,0.4227073655832756,0.31799464388564663
1.9854808563948243,-1.1771631132797298,-0.9095935754983536
-2.9780877763850775,-0.13879912537515793,1.853941379399268
4.021406851666674,3.7208655016780305,2.244797987672306
4.018510423787443,1.931517388283849,0.22249522874538646
2.9236919087500226,-2.785564019549047,-3.01534813997326
-0.5786608554642294,0.6962259044211496,3.5161683737690264
-3.792896039126712,3.3321285785006474,1.2330295559280282
2.4885739690126556,-1.7051267094702958,-1.7061569248028767
-1.6097581585183418,-3.360716126243978,0.6604629137787218
-1.8063018628169814,-2.092518673843128,1.4903642108596449
-1.8309085406724526,3.465939237644932,3.7715616405940837
4.333997434519951,-1.1432641327215043,-2.1145944025372554
4.918651591368073,1.5108769703026628,0.18646403508206172
2.291523287264244,-1.6522589540563546,-1.8492663709334831
0.48381426288478124,-4.975469877482173,-1.293912036730373
-1.8133770839606767,2.882135769343553,4.11453184270175
2.558745545555462,-1.3365316088507937,-0.8918017059146683
-4.183042845055106,1.6643820840856192,1.0768244087360508
-0.7768572518348069,-3.01492295495581,-0.37629793005059087
-0.2997021067093941,-1.3874393823607525,-5.2143507499512225
2.3221380894877983,-3.1288174556122375,-4.25690813240861
-0.49948705883042166,2.207293623595426,6.063704195566996
-2.4802352889262114,-3.4234087003453118,0.3488858940949833
-2.4277461254391963,4.259382654000044,2.835718662816888
3.088926032394676,-2.335373183202085,-2.1490040479330315
2.4569207209339314,2.531610304817643,0.24075006048165837
0.010489942737978097,2.0838702624294045,5.868757408021562
-4.004805200363465,-2.4357243625729486,0.7337285464719149
-1.3576602165768472,4.616480359748243,2.029358445486378
-1.4781912178219283,3.5559663803669075,3.7349642709297184
-2.356092096230038,-2.321990105343641,2.01164549549025
-0.5166041816382005,4.213280073228011,1.8547797640855703
1.9812546083896247,0.08290899424742015,1.7605785444838442
-3.5869072784280256,0.20899307334533113,2.202924717830822
-4.8805436625634275,1.8393905809010525,1.3627448900435404
-3.593752031050869,-1.664991162586106,2.2528154189850533
-4.1408985575529655,3.5928036816959867,1.05212985668853
-4.055431405171879,-3.631229653918744,-0.22055040547318872
2.5954933129190003,-2.5476382988741317,-3.1942050770870427
3.1059259338472316,3.2253683951502907,1.7317782354547449
4.241902134525178,-0.6599371961588618,-2.2358741444126142
-4.050836612033335,-2.242293011117807,0.9549239629628524
1.9966919763701245,-3.44556617917123,-4.511310474975305
4.590230066888871,-2.074396831742893,-1.9192327140497005
2.346061784757226,2.587853266974884,0.2945899891860045
-3.584432874336988,-3.3561111370116303,-0.09659041794416978
1.6495060252856995,3.0557507452623085,0.7859577722581725
0.7320536072672663,-4.46916962806446,-1.8609804985254423
-0.5569314930280767,-0.14033015428756102,-1.8910714530791781
-0.9037154612673204,0.08449292284377741,-1.2724602617448668
-3.2257372251174488,-1.9057998250592068,2.247424519094655
-3.5647714310399117,-4.355878777722152,-0.520597564229856
3.304520496295588,-4.951276068952061,-3.507327265394562
-3.6927770265672866,3.395720897337789,1.3926774608110795
2.5541034252095685,-2.6299271636166734,-3.391939489876634
-0.4456126735018051,-1.1999450137965182,-4.9727023471546214
0.6653068790693428,-2.297258280793569,-5.523388621511694
4.112372204001716,-4.363320539740993,-3.0061014388267626
-0.5002929888071028,-3.0488229820131862,-1.0593035576962273
-3.127998709618268,-1.688650145193563,2.5667352679771644
4.053695027530054,3.4494216164989613,2.145316626649539
-0.06944341774332408,3.1828884533953463,3.0153296450004134
-0.6480363784637602,2.859256878929143,4.70352542120493
-3.912344953623931,2.3717195268547586,0.6919626409993488
0.3632228608093442,-1.9048230433600146,-5.753980529129472
-0.6878490657430127,-1.8515825463791935,-2.9225852102531507
2.871993806597624,3.2265177602598083,1.5755211946751186
0.3888363690544878,-4.361194235626766,-1.4693296613244238
-3.4806127620243843,-1.583858443337498,2.453465354465017
-0.5933367134415217,4.023609241607552,2.1884076388638722
3.6800524460601896,2.905038852682117,1.6036909307864506
-4.136756422478674,-3.8082520134245312,-0.20362948232298142
-0.8879876078363802,-1.4526699632711892,-2.9958784876186173
4.396671948911695,-4.247831664105669,-2.6984805456898155
3.7278903575787776,1.9293415565440526,-0.025159255883945457
2.1312277478931936,-0.3115023857084189,1.0837670343496673
4.483909212335853,-2.0267699780774207,-1.8742456187030914
4.962901217121544,0.7564020136105745,-0.9918637669649545
3.846521498120387,1.847675285093974,-0.0782232132791742
-2.868723599084654,3.742150811519604,2.6769323485553205
4.667684042897793,3.0194482329433896,1.7558109904645216
2.247900320932791,-2.910747327482804,-4.224026589586989
-0.4905381176312922,2.521513584900256,5.376778305296405
1.4348432547022103,1.9456238688900083,1.6262616685092892
-2.961400688758955,0.40147879201784953,1.0582124674056788
-3.525199905765616,3.540395692268561,1.7072148449292965
-0.4362290803675615,4.093128607607547,1.9282124826205442
-1.047581185154598,4.935725689592459,1.4950257019345292
4.425772625561184,3.4212071453035193,1.9936583219946649
-0.10244361976901839,3.357456077425221,2.698289648503121
0.4239681988067243,-2.878816091353995,-4.01279613252884
-0.720681721025052,3.0663723102361047,4.286525367644507
-1.8366632694794638,3.9024842832175004,3.2801202828865788
-3.833195359528779,-4.477024324582514,-0.3165406580525031
2.8924776810228323,-0.11608674429210275,-0.6722721519710625
0.730868932622224,3.0646829628651133,1.7135761643494631
2.8950038727887417,4.3053483095478775,2.627561920985039
2.2432192894303284,4.960977172322378,2.7232103843793225
-0.9174395810377467,4.827557712150712,1.518258563054806
3.7032244745865928,-1.4438422022185748,-1.455964723816755
0.05529810141754776,3.4097850729148345,2.3357644054631743
2.3806753917621846,0.8938272442476292,-0.09337364040524451
-4.862611141592827,-0.0958886083510393,2.368759485793113
-0.31567827168276175,-3.688335709770738,-0.8300010111310427
-3.5442531136373057,-0.003252188842822079,2.4156419762675343
4.598979908582027,-3.6538788647065887,-2.189382404590247
-2.9970339439778657,-3.8830332853983665,-0.45566916579873434
-0.46480601873733285,3.802669323085455,2.394833173731793
-4.115295752501718,-4.775137837589777,0.03291613728834825
4.428564570262619,4.437739162059181,1.8312579186260791
-1.5887918625674247,4.810675799424063,1.942077548379537
0.6906498386620772,-4.818682592432749,-1.5378980380711738
-3.1342541373457387,0.24444840390389633,1.5573809123808489
-1.4319624474198909,-1.5177679732469773,-0.44146334728109343
-1.6711348536871142,-0.9682170558416336,-0.5236350828371601
-0.24502394747052403,2.1609722951232477,6.02980380472548
1.634686304457368,-0.1907964574588643,2.2066207014725703
-2.098441084419153,-2.2227563660140612,1.9314576662887633
-0.6685760535403933,-1.6529172050067098,-3.4900191848914353
3.600135461497171,4.817333040667439,2.335575035161944
0.07136890206799684,4.163343916665687,1.4628983975754057
-3.1772135615266226,4.097730583582964,2.380338199000134
-0.3323923873260979,3.365937178113695,3.059307644206015
1.4624943114309534,1.3847100053482304,2.58048535997846
2.428703301705717,-4.528502110034729,-3.6795399304162646
-4.694765689809063,0.024702229125383113,2.5058932420061044
-3.489847556760063,-3.378520873713441,-0.0932483088250785
-2.602508647992906,4.307943035835269,2.742908080096743
0.9876033433135314,1.0279859723404785,5.3038843721138775
-0.9713167681335753,-0.9488926260840858,-3.4441431632128445
-3.4035928502653414,3.254367779179594,1.6546235886067269
-1.1901999495142732,-1.479331839501282,-1.5745059968955815
1.23259648098335,-4.095070079003947,-3.1390277890940403
-3.388814328591506,-3.0587639109163858,0.325550370332522
4.881555349192466,-0.8367587666559118,-2.4326881050555165
0.9174593442732757,-0.5510025965626388,0.01204070815218677
2.652429989914049,-3.7491792447041417,-4.066972964788965
-1.641401644512337,0.7326449862616986,0.288312911507237
1.6437422815273992,4.9716568004244515,2.4716987103361685
0.3830762502479592,-0.38805659396809933,-0.5961579772636306
-2.7315819306061204,1.951134880294454,1.2212434479729681
-4.032070350711281,-0.42480725988588475,2.797051282800373
4.096986581886746,-4.044903390935115,-2.8312102286881533
-2.7784436730274176,0.2797485584020931,0.8824759605561654
-2.604318909184866,-3.6274296140945053,-0.020152719445042485
-4.509563205279448,1.0982103408533392,1.8827815695808103
3.273898675403302,-1.5649457202131223,-1.217838501024675
0.013301417372026059,-3.267561232254738,-2.101111576975655
-1.7985559631918835,0.4187970628283342,-0.5686005023878623
4.116477968660556,-3.8604510793222344,-2.6852693312242533
1.6323216305777999,-1.219577579866642,-1.6868399826094487
2.3134043760376226,-0.2612548388422624,0.7245768916347939
3.121967671048276,-2.339708070761932,-2.1208625890810873
3.5999168627898097,3.2364153953546317,1.9767003443652695
-4.026381261698684,-2.217725178321479,1.010694707091285
-3.9397784529267934,0.38907643370951916,2.2872730939542865
-1.9551880054195756,-4.320550862329543,-0.6272561786140134
-3.847450709210103,-2.5541024163299877,0.6964759983174196
0.3260021404767599,3.2138675312764313,2.2130188254728727
-0.8346936130122664,1.423069101250558,5.430791605909975
0.2050109477339932,-0.5344593507601489,-2.315136065720038
3.0189243579140133,4.7601159438790095,2.6656578093420333
-1.0250060315038234,-3.189045528447767,0.21685105577416322
4.343904086438126,-3.187928415180453,-2.0555949448787056
-3.5127376634187293,-4.8638435377370985,-0.46616706570602223
-4.881848551461769,0.20241978175848985,2.4123505964446923
3.166790388894178,-4.639465465256764,-3.6521124129615954
0.6919388041144536,1.0566322169063591,6.2995634416556925
3.222324341422775,-0.3856399507867234,-1.1728999292337605
0.5805376110458997,4.349338863178492,1.3692896586906285
-4.595271949053007,3.5720607886952056,0.715272905655814
-4.067678386966762,-2.8410206851511663,0.23654723887684537
2.2679273822735935,-1.4069710515386413,-1.2472583418688545
3.0701652736651273,3.991646341567538,2.4932405667513153
-4.935358518790206,-0.8583033095723387,1.7507918472014683
-2.3590444957360903,-1.7670777402414117,2.3268719591394897
4.373844175938304,3.5754409075795746,2.04639526811185
-2.4615480177258933,-4.425290806257188,-0.8380174481609753
0.39698988870949137,1.5151855958938745,6.450556540228247
-3.6915287639906724,-1.3739202143059224,2.508401907481703
3.494447007952184,-2.2121805185113788,-1.7171785838819853
-1.8320451224347112,2.797258195508383,4.0829470409711925
-0.5703482537500904,-2.777023171007577,-1.2769944330448315
1.5801963517891178,-0.6651785939251011,0.5702308630361105
2.821139984195641,1.0157860880984506,-1.0969835416795817
-2.845501951226601,1.7734538193260088,0.8783820824591274
-0.12415891296311798,4.8627378130064685,1.3264191479497356
0.5326328650179315,-2.1469676850854746,-5.619319636210819
2.493477727133185,-0.6721017062239474,0.10172526414726944
-4.11963449645314,3.6591632720261593,1.11048716566865
-1.838813439320095,-1.4415229263328833,0.94430247906626
1.2151783429190637,1.8628612559482,2.5581690187510033
1.9344909153853482,3.7439775976494136,1.587981846314075
-0.3348867322858462,-2.2481366448692155,-3.3108105452870285
-4.832032402282527,4.442565103127855,0.9025165771289233
-1.393806366154886,4.577605971511398,2.106044362187613
-3.98295050678965,-4.86430351006089,-0.049337315272490245
4.774241966200739,2.5193932225144327,1.4070127287078869
-1.2802512773234098,4.420143231959004,2.2379686830687975
0.08404868550211653,-2.031162878066218,-5.139451114222115
3.432644317134981,-2.0137258104814757,-1.562412783860583
3.252729184377136,-2.8711856696777325,-2.6747847294474645
2.8660677319115155,-1.8008801281484499,-1.5354812719833546
0.9024295788339138,2.494121788906308,2.241307705647894
-1.5826022400479145,0.3938619702763466,-0.6489909883861087
